{"cameraMode":{"drawMode":0,"name":"Shaded","section":"Shading Mode"},"sceneLighting":true,"audioPlay":false,"sceneViewState":{"showFog":false,"showMaterialUpdate":false,"showSkybox":false,"showFlares":false,"showImageEffects":false,"showParticleSystems":false},"in2DMode":false,"pivot":{"x":-0.3796226978302002,"y":1.1430975198745728,"z":7.32951545715332},"rotation":{"x":0.03869985416531563,"y":-0.12170638889074326,"z":0.004749002400785685,"w":0.9918004274368286},"size":5.223854064941406,"orthographic":false}