{"cameraMode":{"drawMode":0,"name":"Shaded","section":"Shading Mode"},"sceneLighting":true,"audioPlay":false,"sceneViewState":{"showFog":false,"showMaterialUpdate":false,"showSkybox":false,"showFlares":false,"showImageEffects":false,"showParticleSystems":false},"in2DMode":false,"pivot":{"x":0.12444156408309937,"y":0.38143306970596316,"z":3.464761734008789},"rotation":{"x":0.06735380738973618,"y":-0.052956435829401019,"z":0.003580017713829875,"w":0.9963177442550659},"size":2.186753034591675,"orthographic":false}