{"cameraMode":{"drawMode":0,"name":"Shaded","section":"Shading Mode"},"sceneLighting":true,"audioPlay":false,"sceneViewState":{"showFog":false,"showMaterialUpdate":false,"showSkybox":false,"showFlares":false,"showImageEffects":false,"showParticleSystems":false},"in2DMode":false,"pivot":{"x":-3.861332416534424,"y":1.1047314405441285,"z":5.415085315704346},"rotation":{"x":0.04008618742227554,"y":-0.29726555943489077,"z":0.012492545880377293,"w":0.9538716673851013},"size":7.92555046081543,"orthographic":false}