{"cameraMode":{"drawMode":0,"name":"Shaded","section":"Shading Mode"},"sceneLighting":true,"audioPlay":false,"sceneViewState":{"showFog":false,"showMaterialUpdate":false,"showSkybox":false,"showFlares":false,"showImageEffects":false,"showParticleSystems":false},"in2DMode":false,"pivot":{"x":-3.7520227432250978,"y":0.4875807762145996,"z":12.921839714050293},"rotation":{"x":0.08471887558698654,"y":-0.31425589323043826,"z":0.028168711811304094,"w":0.9451315402984619},"size":11.736406326293946,"orthographic":false}